alias,canonical
A Song Of Ice And Fire,A Song of Ice and Fire
A Song of Ice and Fire & Related Fandoms,A Song of Ice and Fire
A Song of Ice and Fire - George R. R. Martin,A Song of Ice and Fire
A Tywin Lannister SI,A Song of Ice and Fire
A Waifu Catalog Story,Waifu Catalog
A warcraft OC,Warcraft
Addams Family,The Addams Family
Ah My Goddess,Oh My Goddess!
Alt-Harry Potter,Harry Potter
Anakin Skywalker WC SI,Star Wars
Angel,Angel: the Series
Arifureta,Arifureta: From Commonplace to World's Strongest
ASOIAF Crossover,A Song of Ice and Fire
ASOIAF Joffrey SI,A Song of Ice and Fire
ASOIAF SI,A Song of Ice and Fire
ASOIAF Viserys Isekai,A Song of Ice and Fire
ASOIAF-SI,A Song of Ice and Fire
asongoficeandfire,A Song of Ice and Fire
Assassins Creed,Assassin's Creed
ATLA - Azula,Avatar: The Last Airbender
AU Highschool DxD,Highschool DxD
AU! Highschool DxD,Highschool DxD
AU!HS DxD,Highschool DxD
AU!TEiS,The Eminence in Shadow
Avatar Start,Avatar: The Last Airbender
Avatar The Last Airbender,Avatar: The Last Airbender
Avatar: The Last Airbender (Cartoon 2005),Avatar: The Last Airbender
Battlestar Galactica (2003),Battlestar Galactica
Battletech,BattleTech
Battletech Isekai,Battletech
Ben10,Ben 10
Brandon Stark SI,A Song of Ice and Fire
Camelot SI in Fate,Fate Series
Campione,Campione!
Celestial Forge Semi-SI,Celestial Forge
Charmed (TV 1998),Charmed (TV)
Chris Griffin SI,Family Guy
Code Geass SI,Code Geass
Code Geass: Excalibur Verse,Code Geass
Control SI,Control
Cradle AU Quest,Cradle
CSM,Chainsaw Man
Currently in Warcraft,Warcraft
Cyberpunk Edgerunners,Cyberpunk: Edgerunners
DAI,Dragon Age
DAI,Dragon Age: Inquisition
Danmachi CYOA SI,DanMachi
Danmachi SI,DanMachi
Danmachi SI(worm cyoa int.,DanMachi
Danmachi SI- WC,DanMachi
Dark Souls SI,Dark Souls
Dark Tower,The Dark Tower
DC,DC Comics
Dc Comics,DC Comics
DC Multicross,DC Comics
Dc Universe,DC Universe
DC-Comics,DC Comics
Dcau,DCAU
DCU (Comics),DC Universe
Disney Duck Universe,Disney Ducks (Comics)
Dnd,Dungeons & Dragons
DnD 5e,Dungeons & Dragons
Dnd5E,Dungeons & Dragons
Dragon Age - All Media Types,Dragon Age
Dragonball,Dragon Ball
Dresden Files,The Dresden Files
DxD - Celestial Grimoire,Highschool DxD
DxD - OC-Insert,Highschool DxD
DXD Anti-NTR Anthology,Highschool DxD
DxD Wiki Warrior OC,Highschool DxD
DxD Wiki Warrior-esque Sacred Gear,Highschool DxD
Earth in BattleTech,BattleTech
Elder Scrolls,The Elder Scrolls
Elder Scrolls V: Skyrim,The Elder Scrolls V: Skyrim
Everyday Life with Monster Girls,Daily Life with a Monster Girl
Faerun,Forgotten Realms
Fallout New Vegas,Fallout: New Vegas
Familiar Of Zero,Familiar of Zero
Fate,Fate/stay night
Fate Au,Fate/stay night
FATE Expys,Fate Series
Fate Series (Type Moon),Fate/stay night
Fate Stay,Fate/stay night
Fate Stay Night,Fate/stay night
Fate Stay/Night,Fate/stay night
Fate-Stay-Night,Fate/stay night
Fate/Grand Order (Type Moon),Fate/Grand Order
Fate/ser,Fate Series
Fate/Series,Fate Series
Fate/stay night & Related Fandoms,Fate/stay night
Fate?,Fate/stay night
Fgo,Fate/Grand Order
FGO - Asterios SI,Fate/Grand Order
FGO Icarus SI,Fate/Grand Order
Firefly (TV 2002),Firefly
Forgotten Realm,Forgotten Realms
Frieren,Frieren: Beyond Journey's End
Frieren: Beyond Journey's End,Frieren
Fs/N,Fate/stay night
FSN,Fate/stay night
FSN Start,Fate/stay night
Fullmetal Alchemist: Brotherhood & Manga,Fullmetal Alchemist
Gate,Gate: Thus the JSDF Fought There
Gate - Jietai Kare no Chi nite,Gate: Thus the JSDF Fought There
Ghost In The Shell,Ghost in the Shell
God Of War,God of War
GOT,Game of Thrones
Greek Myth,Greek Mythology
Hannibal Lecter,Hannibal
Harry Potter (Setting),Harry Potter
Harry Potter - Fandom,Harry Potter
Harry Potter - J. K. Rowling,Harry Potter
Harry Potter OC,Harry Potter
Harry Potter(J.K. Rowling),Harry Potter
Harry Potter—OC,Harry Potter
Harrypotter,Harry Potter
harrypotteroc,Harry Potter
High School DxD,Highschool DxD
Highschool DxD (Anime),Highschool DxD
Highschool DxD Chaos Gacha,Highschool DxD
Highschool Of The Dead,Highschool of the Dead
Honkai Impact,Honkai Impact 3rd
Honkai Impact 3,Honkai Impact 3rd
Honkai Star Rail,Honkai: Star Rail
HP AU M-SI,Harry Potter
HP SI,Harry Potter
Hunger Games,The Hunger Games
Hunger Games Trilogy - Suzanne Collins,Hunger Games
Hunger Games Trilogy - Suzanne Collins,The Hunger Games
Inheritance,Inheritance Cycle
Inspired Inventor,Worm
Inspired Inventor lite,Inspired Inventor
Inspired Inventor+,Inspired Inventor
Jack Ryan & Related Fandoms,Jack Ryan
James Cameron Avatar SI,James Cameron's Avatar
JJk,Jujutsu Kaisen
Jobless Reincarnation,Mushoku Tensei
Joffrey Twin SI,A Song of Ice and Fire
Kakashi Insert as Luke Castellan - PJO,Percy Jackson and the Olympians
KanColle,Kantai Collection
Kantai Collection,KanColle
Katawa Shoujo!,Katawa Shoujo
KHR,Katekyou Hitman Reborn!
Kill la Kill (Anime & Manga),Kill la Kill
Kim Possible (Cartoon),Kim Possible
Kingdom Hearts (Video Games),Kingdom Hearts
Konosuba SI,KonoSuba
Lewd Worm Mod CYOA Inspired,Worm
Little Fuzzy Series - H. Beam Piper,Little Fuzzy
Lord Of The Rings,The Lord of the Rings
M:tG Planeswalker,Magic: The Gathering
Marauder Era,Marauders Era
Marauder Era,Harry Potter
Marvel 616,Marvel Comics
Marvel Cinematic Universe (Marvel Comics),Marvel Cinematic Universe
Marvel Cinematic Universe (Marvel),Marvel Cinematic Universe
Marvel OC,Marvel
Marvel SI,Marvel
Mcu,Marvel Cinematic Universe
MCU Dr. Strange Essence SI,Marvel Cinematic Universe
MCU SI,Marvel Cinematic Universe
MCU-SI,Marvel Cinematic Universe
Merlin,Merlin (TV)
MGE-Lite,Monster Girl Encyclopedia
MHA AU,My Hero Academia
MHA Start,My Hero Academia
Minecraft (Video Game),Minecraft
Muzan Kibutsuji OC-SI Possession,Demon Slayer
My Hero Academia - OC,My Hero Academia
My Hero Academia OC-SI,My Hero Academia
My Hero Academia SI,My Hero Academia
My Hero Academia with Reversed Sexual Morals,My Hero Academia
Naruto (Anime & Manga),Naruto
Naruto (Series),Naruto
Naruto Series,Naruto
Naruto SI,Naruto
Naruto SI - Naruto's Older Brother,Naruto
Naruto Uchiha SI,Naruto
Naturo,Naruto
No Game No Life - Kamiya Yuu,No Game No Life
Noblesse SI in Marvel Universe,Marvel
OC Insert - Harry Potter Marauder Era,Harry Potter
Old World Of Darkness,World of Darkness
One Piece (Anime & Manga),One Piece
Overlord (Anime),Overlord
Overlord Ln,Overlord
PA,Planetary Annihilation
Parahumans Series - Wildbow,Parahumans Series - Wildbow
Percy Jackson,Percy Jackson and the Olympians
Percy Jackson and the Olympians & Related Fandoms - All Media Types,Percy Jackson and the Olympians
Percy Jackson CYOA SI,Percy Jackson and the Olympians
Percy Jackson SI,Percy Jackson and the Olympians
Pjo mythological Greece Si,Percy Jackson and the Olympians
Pjo Si,Percy Jackson and the Olympians
Planeswalker,Magic: The Gathering
Planetary Annihilation SI,Planetary Annihilation
Pocket Monsters | Pokemon - All Media Types,Pokemon
Pokemon,Pokémon
Pokemon - Insert,Pokemon
Pokemon Smut,Pokemon
Pokemon Start],Pokemon
Poseidon SI,Percy Jackson and the Olympians
Powerpuff Girls,The Powerpuff Girls
pseudo-Gamer,The Gamer (Manhua)
Psyker SI,Warhammer 40K
Ranma,Ranma 1/2
Ranma,Ranma ½
Ranma ½,Ranma 1/2
Re:ゼロから始める異世界生活 | Re:Zero Starting Life in Another World (Anime),Re:Zero
Rickon Stark SI - son of Cregan Stark,A Song of Ice and Fire
Rising Of The Shield Hero,The Rising of the Shield Hero
Rising of the Shield Hero OC,Rising Of The Shield Hero
Rosario Vampire,Rosario + Vampire
Runescape SI,Runescape
RWBY SI,RWBY
RWBY Yang SI,RWBY
Saga of Tania the Evil,The Saga of Tanya the Evil
Saga Of Tanya The Evil,The Saga of Tanya the Evil
SCARLET NEXUS (Video Game),Scarlet Nexus
SCP,SCP Foundation
SI + An Ability Borrowed From KHR,Katekyou Hitman Reborn!
SI Harry Potter AU,Harry Potter
Sisyphus-Insert,Greek Mythology
Sith Warrior Substitute,Star Wars: The Old Republic
Skyrim SI,The Elder Scrolls V: Skyrim
Skyrim Vampire SI,The Elder Scrolls
slight Fate,Fate/stay night
slight Fate,Fate Series
Star Trek?,Star Trek
Star Vs. The Forces of Evil,Star vs. the Forces of Evil
Star Wars Expanded Universe,Star Wars Legends
Star Wars SI,Star Wars
Star Wars: SI,Star Wars
Stargate Sg1,Stargate SG-1
Stargate: SG-1,Stargate SG-1
StarTrek,Star Trek
Starwars,Star Wars
stay Night,Fate/stay night
SW,Star Wars
SW Palpatine SI,Star Wars
SWTOR Sith Inquisitor SI,Star Wars: The Old Republic
SWTOR Start,Star Wars: The Old Republic
Tales of Exandria,Critical Role
Tate No Yuusha Nariagari,Rising of the Shield Hero
TDG,Tales of Demons and Gods
Teen Titans - All Media Types,Teen Titans
TEiS,The Eminence in Shadow
The Avengers (Marvel),The Avengers (Marvel Movies)
The Avengers (Marvel) - All Media Types,The Avengers (Marvel Movies)
The Dresden Files,Dresden Files
The Gamer,The Gamer (Manhua)
The Gamer (Webcomic),The Gamer (Manhua)
The Hunger Games,Hunger Games
The Mummy Series,The Mummy
The Vampire Diaries,Vampire Diaries
To Travel Far and Wide{Waifu Catalog,Waifu Catalog
Tower Of God,Tower of God
Uzaki-Chan Wants To Hang Out,Uzaki-chan Wants to Hang Out!
Vampire Diaries,The Vampire Diaries
Vampire The Masquerade,Vampire: The Masquerade
Vox Machina,The Legend of Vox Machina
WaifuCatalog,Waifu Catalog
Walking Dead,The Walking Dead
Wandering Inn,The Wandering Inn
War Of The Worlds,The War of the Worlds
Warhammer 40.000,Warhammer 40K
World Of Darkness,World of Darkness
Worm (Parahumans),Worm
Worm CYOA,Worm
Worm SI,Worm
Worm Start,Worm
Wormcyoa,Worm
X-Men - All Media Types,X-Men
Young Justice (DC Comics),Young Justice
Young Justice - All Media Types,Young Justice
Zero No Tsukaima,The Familiar of Zero
